,Cluster_1,Cluster_3,absolute_difference
sensor_14_rolling_mean,2.67129125426018,-0.5023231024824422,3.1736143567426223
sensor_14,2.665600232115538,-0.49952431690243565,3.1651245490179734
sensor_9_rolling_mean,2.7732952333826364,-0.28603490858884817,3.0593301419714845
sensor_9,2.7544251956080332,-0.28626140269211076,3.040686598300144
sensor_8_rolling_mean,0.48351339068593185,1.676628406080889,1.193115015394957
sensor_13_rolling_mean,0.4848512556243664,1.6702041928039804,1.1853529371796139
sensor_8,0.4828854874474145,1.5683940165828487,1.0855085291354343
sensor_13,0.4826243785807613,1.565259482827623,1.0826351042468616
sensor_14_rolling_std,0.65506355479267,-0.08458643963118369,0.7396499944238537
sensor_9_rolling_std,0.5658478259820305,-0.03763417040498463,0.6034819963870152
sensor_12_rolling_mean,-1.1957350747847417,-1.59713797692487,0.4014029021401282
sensor_14_diff,0.32076604406360293,-0.0678349133241236,0.38860095738772654
sensor_12,-1.130202158615039,-1.502618220879868,0.37241606226482893
sensor_7_rolling_mean,-1.2166155242964425,-1.5803119027397872,0.3636963784433447
sensor_7,-1.127997029338012,-1.4643587848973663,0.3363617555593543
sensor_9_diff,0.27986976016467685,-0.04167350824284134,0.3215432684075182
sensor_3_rolling_mean,1.6341877394795323,1.361384317464344,0.27280342201518826
sensor_17_rolling_mean,1.623320631173482,1.3863161460755344,0.23700448509794758
sensor_3,1.359845029444853,1.12889559889231,0.23094943055254302
sensor_17,1.3947857270931652,1.174737642126152,0.22004808496701322
sensor_11_rolling_mean,1.3680403722856198,1.553247751937617,0.1852073796519973
sensor_11,1.310550243467729,1.472265370324985,0.1617151268572561
sensor_3_rolling_std,-0.05667633511937269,0.05644092454755745,0.11311725966693013
sensor_8_rolling_std,0.1107039021845684,0.005424913936337192,0.1052789882482312
sensor_20_rolling_std,0.06638880361110558,0.0005146815899933098,0.06587412202111227
sensor_4_rolling_mean,1.4526347319698665,1.513365141469916,0.0607304095000496
sensor_4_rolling_std,0.06554666933932533,0.008698481014588205,0.05684818832473713
sensor_11_rolling_std,0.04692446417708267,0.09950185366488981,0.052577389487807144
sensor_4,1.3560401744656803,1.4036310196592394,0.04759084519355916
sensor_7_rolling_std,0.033271884483316964,-0.007679043892746891,0.04095092837606386
sensor_2_rolling_std,-0.015842617620741233,0.016597918658419003,0.032440536279160236
sensor_15_rolling_mean,1.4606176241297406,1.488187955762357,0.02757033163261635
sensor_21_rolling_mean,-1.4847961841025106,-1.4576092500319118,0.0271869340705988
sensor_15_rolling_std,-0.015025997928043062,0.009791272894043863,0.024817270822086925
sensor_15,1.3029694159300709,1.3274059459728924,0.024436530042821536
sensor_13_diff,0.03835910517775921,0.06239488893140946,0.02403578375365025
sensor_7_diff,-0.033985306648384395,-0.05623726397500759,0.022251957326623197
sensor_21,-1.3097570855809544,-1.2875157204765102,0.02224136510444419
sensor_17_diff,0.05118808466169074,0.03394239155657352,0.01724569310511722
sensor_20_rolling_mean,-1.4550310688587877,-1.4712955182633263,0.016264449404538528
sensor_8_diff,0.04372633404941738,0.05852479070884197,0.014798456659424593
sensor_12_diff,-0.045243012329436026,-0.058147994726956885,0.012904982397520859
sensor_2_diff,0.03222750516963354,0.044926116031525645,0.012698610861892105
sensor_21_rolling_std,-0.01636184191752677,-0.004370881494848161,0.011990960422678608
sensor_2,1.235783554807723,1.245566108654662,0.009782553846939157
sensor_13_rolling_std,0.07726723504244427,0.08701211623309114,0.00974488119064687
sensor_12_rolling_std,0.0376299330204815,0.046682283977948755,0.009052350957467252
sensor_2_rolling_mean,1.4436150570850592,1.4519171278321223,0.008302070747063128
sensor_21_diff,-0.03858541333957289,-0.04683632683848691,0.00825091349891402
sensor_20,-1.2868595944835344,-1.2949549201628805,0.008095325679346121
sensor_15_diff,0.04427246136141631,0.048677284260908345,0.004404822899492032
sensor_11_diff,0.05487712751772859,0.05846706670809891,0.003589939190370324
sensor_3_diff,0.04135521644791688,0.044507455445197915,0.003152238997281037
sensor_17_rolling_std,0.0954252346270568,0.09842121440200641,0.0029959797749496003
sensor_20_diff,-0.0409122073865515,-0.04351694706336219,0.0026047396768106926
sensor_4_diff,0.05500465077284656,0.05713509985516516,0.002130449082318603
sensor_6_rolling_mean,0.27553422472377925,0.27553422472378053,1.27675647831893e-15
sensor_6,0.14168332871144387,0.14168332871144454,6.661338147750939e-16
sensor_6_rolling_std,-0.3002192163245542,-0.30021921632455356,6.106226635438361e-16
sensor_6_diff,-0.0012875127435262319,-0.0012875127435262226,9.324138683375338e-18
